{
  "id": "ancestries-by-sirniloc-dc20",
  "title": "RAVN Quest: Ancestries",
  "version": "0.0.5-sc",
  "manifest": "https://github.com/SirNiloc/ancestries-by-sirniloc-dc20/releases/download/v0.0.5/module.json",
  "download": "https://github.com/SirNiloc/ancestries-by-sirniloc-dc20/releases/download/v0.0.5/ancestries-by-sirniloc-dc20.zip",
  "compatibility": {
    "minimum": "12",
    "verified": "12"
  },
  "relationships": {
    "systems": [
      {
        "id": "dc20rpg",
        "type": "system",
        "compatibility": {}
      }
    ],
    "requires": [
      {
        "id": "dc20-spells-by-sirniloc",
        "type": "module",
        "compatibility": {}
      }
    ]
  },
  "authors": [
    {
      "name": "SirNiloc",
      "discord": "sirniloc",
      "email": "sirniloc@ravn-quest.com",
      "url": "https://www.patreon.com/c/user/posts?u=193990&view_as=patron",
      "flags": {}
    }
  ],
  "packs": [
    {
      "name": "sirnilocs-ancestries",
      "label": "RAVN Quest: Ancestries",
      "path": "packs/sirnilocs-ancestries",
      "type": "Item",
      "system": "dc20rpg",
      "ownership": {
        "PLAYER": "OBSERVER",
        "ASSISTANT": "OWNER"
      }
    }
  ],
  "description": "This module adds additional Ancestry options."
}