{
  "id": "ancestries-by-sirniloc-dc20",
  "title": "Ancestries by SirNiloc (DC20)",
  "version": "0.0.2-ea",
  "compatibility": {
    "minimum": "12",
    "verified": "12"
  },
  "relationships": {
    "systems": [
      {
        "id": "dc20rpg",
        "type": "system",
        "compatibility": {}
      }
    ],
    "requires": [
      {
        "id": "dc20-spells-by-sirniloc",
        "type": "module",
        "compatibility": {}
      }
    ]
  },
  "authors": [
    {
      "name": "SirNiloc",
      "discord": "sirniloc",
      "email": "sirniloc@ravn-quest.com",
      "url": "https://www.patreon.com/c/user/posts?u=193990&view_as=patron",
      "flags": {}
    }
  ],
  "packs": [
    {
      "name": "sirnilocs-ancestries",
      "label": "SirNiloc's Ancestries",
      "path": "packs/sirnilocs-ancestries",
      "type": "Item",
      "system": "dc20rpg",
      "ownership": {
        "PLAYER": "OBSERVER",
        "ASSISTANT": "OWNER"
      }
    }
  ],
  "description": "This module adds additional Ancestry options."
}