{
  "id": "ancestries-by-sirniloc-dc20",
  "title": "RAVN Quest: Ancestries",
  "version": "2.0.1",
  "manifest": "https://github.com/SirNiloc/ancestries-by-sirniloc-dc20/releases/download/2.0.1/module.json",
  "download": "https://github.com/SirNiloc/ancestries-by-sirniloc-dc20/releases/download/2.0.1/module.zip",
  "compatibility": {
    "minimum": "12",
    "verified": "13"
  },
  "relationships": {
    "systems": [
      {
        "id": "dc20rpg",
        "type": "system",
        "compatibility": {}
      }
    ],
    "requires": [
      {
        "id": "dc20-spells-by-sirniloc",
        "type": "module",
        "compatibility": {}
      }
    ]
  },
  "authors": [
    {
      "name": "SirNiloc",
      "discord": "sirniloc",
      "email": "sirniloc@ravn-quest.com",
      "url": "www.ravn-quest.com",
      "flags": {}
    }
  ],
  "packs": [
    {
      "name": "sirnilocs-ancestries",
      "label": "RAVN Quest: Ancestries",
      "path": "packs/sirnilocs-ancestries",
      "type": "Item",
      "system": "dc20rpg",
      "ownership": {
        "PLAYER": "OBSERVER",
        "ASSISTANT": "OWNER"
      }
    }
  ],
  "description": "<p>This module adds additional Ancestry options for DC20.</p>",
  "url": "https://github.com/SirNiloc/ancestries-by-sirniloc-dc20"
}